area,metro_min,floor,price
50.0,8,2,6550000
52.9,5,17,7470000
42.6,6,14,5900000
56.9,29,4,5890000
92.4,23,2,10360000
94.4,4,5,12040000
47.7,8,4,5420000
74.4,6,7,9370000
53.3,21,3,5280000
61.8,20,11,7060000
59.7,33,12,6040000
75.5,11,10,10230000
63.7,31,15,6760000
36.0,16,11,5250000
38.3,19,2,4080000
65.9,28,11,7290000
51.1,14,16,6060000
85.1,33,16,9510000
75.4,5,10,9140000
83.9,12,13,9700000
88.3,14,15,10900000
61.6,10,10,8240000
36.8,11,13,5050000
39.3,16,9,4280000
88.1,29,9,9760000
74.4,15,8,7960000
38.3,9,8,4730000
84.5,9,10,10790000
28.3,16,12,2930000
36.5,30,2,2800000
59.1,31,13,6020000
60.7,16,7,7450000
32.6,10,6,4300000
35.0,21,4,3800000
92.5,23,3,11150000
38.1,11,12,4380000
69.0,18,4,8780000
59.7,18,3,5780000
37.8,27,9,3050000
63.1,10,17,8370000
52.6,25,1,5400000
71.7,6,9,8980000
63.3,32,12,6860000
81.0,14,8,9520000
69.7,28,7,7920000
78.3,10,17,9570000
61.5,26,1,6590000
41.2,22,12,4080000
58.4,33,12,6460000
43.0,10,7,5160000
51.0,18,1,5010000
82.4,6,4,10590000
89.9,28,7,10040000
81.7,14,13,10340000
59.5,27,3,6200000
36.6,8,15,4640000
82.8,8,16,10720000
65.3,7,1,7800000
82.4,26,4,8390000
57.5,31,7,5740000
